configuration,dataset,representation,qubits,fold,repeat,mode,accuracy,balanced_accuracy,roc_auc,confusion_matrix,benign_recall,malware_recall,test_relative_frobenius_error,test_kernel_correlation,prediction_disagreement_fraction,job_id,qpu_seconds
clamp_native10,clamp,native,10,0,0,exact,0.85,0.8500000000000001,0.923125,"[[36, 4], [8, 32]]",0.9,0.8,0.0,1.0,,,
clamp_native10,clamp,native,10,0,0,ideal_aer,0.85,0.8500000000000001,0.9199999999999999,"[[36, 4], [8, 32]]",0.9,0.8,0.04497465695374692,0.9988447193411792,,,
clamp_native10,clamp,native,10,0,0,noisy_aer,0.8625,0.8625,0.914375,"[[36, 4], [7, 33]]",0.9,0.825,0.2793288987271591,0.994320766564123,,,
clamp_native10,clamp,native,10,1,0,exact,0.8875,0.8875,0.95625,"[[37, 3], [6, 34]]",0.925,0.85,0.0,1.0,,,
clamp_native10,clamp,native,10,1,0,ideal_aer,0.875,0.875,0.945,"[[36, 4], [6, 34]]",0.9,0.85,0.040001103413590325,0.9989675669478482,,,
clamp_native10,clamp,native,10,1,0,noisy_aer,0.9,0.8999999999999999,0.949375,"[[38, 2], [6, 34]]",0.95,0.85,0.2728846463080959,0.9938571182601437,,,
clamp_native10,clamp,native,10,2,0,exact,0.7875,0.7875000000000001,0.89875,"[[37, 3], [14, 26]]",0.925,0.65,0.0,1.0,,,
clamp_native10,clamp,native,10,2,0,ideal_aer,0.8,0.8,0.905,"[[36, 4], [12, 28]]",0.9,0.7,0.046407392818608624,0.9987690787208356,,,
clamp_native10,clamp,native,10,2,0,noisy_aer,0.7875,0.7875000000000001,0.90125,"[[37, 3], [14, 26]]",0.925,0.65,0.2775264879743433,0.994680814475924,,,
clamp_pca4,clamp,pca,4,0,0,exact,0.7875,0.7875,0.84125,"[[34, 6], [11, 29]]",0.85,0.725,0.0,1.0,,,
clamp_pca4,clamp,pca,4,0,0,ideal_aer,0.775,0.775,0.8237499999999999,"[[35, 5], [13, 27]]",0.875,0.675,0.03613210664366239,0.9985387086974037,,,
clamp_pca4,clamp,pca,4,0,0,noisy_aer,0.7625,0.7625,0.83,"[[35, 5], [14, 26]]",0.875,0.65,0.07127275051515185,0.998259264619209,,,
clamp_pca4,clamp,pca,4,1,0,exact,0.75,0.75,0.81625,"[[36, 4], [16, 24]]",0.9,0.6,0.0,1.0,,,
clamp_pca4,clamp,pca,4,1,0,ideal_aer,0.75,0.75,0.825625,"[[37, 3], [17, 23]]",0.925,0.575,0.034187028417144126,0.998410565171201,,,
clamp_pca4,clamp,pca,4,1,0,noisy_aer,0.7875,0.7875000000000001,0.83125,"[[37, 3], [14, 26]]",0.925,0.65,0.0693415332473817,0.9980608986076299,,,
clamp_pca4,clamp,pca,4,2,0,exact,0.7125,0.7125,0.859375,"[[30, 10], [13, 27]]",0.75,0.675,0.0,1.0,,,
clamp_pca4,clamp,pca,4,2,0,ideal_aer,0.7,0.7,0.855625,"[[29, 11], [13, 27]]",0.725,0.675,0.035426989664318995,0.9983373970932871,,,
clamp_pca4,clamp,pca,4,2,0,noisy_aer,0.7125,0.7124999999999999,0.8606250000000001,"[[29, 11], [12, 28]]",0.725,0.7,0.0709653479275347,0.9980461397558652,,,
fabiana_native8,fabiana,native,8,0,0,exact,0.9875,0.9875,0.9981249999999999,"[[39, 1], [0, 40]]",0.975,1.0,0.0,1.0,,,
fabiana_native8,fabiana,native,8,0,0,ideal_aer,0.9875,0.9875,0.9981249999999999,"[[39, 1], [0, 40]]",0.975,1.0,0.028129742091599352,0.9994876116512332,,,
fabiana_native8,fabiana,native,8,0,0,noisy_aer,0.9875,0.9875,0.99625,"[[39, 1], [0, 40]]",0.975,1.0,0.2136181539942582,0.9958667282239023,,,
fabiana_native8,fabiana,native,8,1,0,exact,0.975,0.975,0.959375,"[[38, 2], [0, 40]]",0.95,1.0,0.0,1.0,,,
fabiana_native8,fabiana,native,8,1,0,ideal_aer,0.975,0.975,0.953125,"[[38, 2], [0, 40]]",0.95,1.0,0.029408507134706868,0.9994793623029022,,,
fabiana_native8,fabiana,native,8,1,0,noisy_aer,0.975,0.975,0.96375,"[[38, 2], [0, 40]]",0.95,1.0,0.21503007890909687,0.9957423476366747,,,
fabiana_native8,fabiana,native,8,2,0,exact,0.9625,0.9624999999999999,0.98875,"[[38, 2], [1, 39]]",0.95,0.975,0.0,1.0,,,
fabiana_native8,fabiana,native,8,2,0,ideal_aer,0.9625,0.9624999999999999,0.985625,"[[38, 2], [1, 39]]",0.95,0.975,0.028432136831296678,0.9994763940149615,,,
fabiana_native8,fabiana,native,8,2,0,noisy_aer,0.9625,0.9624999999999999,0.98125,"[[38, 2], [1, 39]]",0.95,0.975,0.21279728140359408,0.9958104995350529,,,
fabiana_pca4,fabiana,pca,4,0,0,exact,0.9375,0.9375,0.9637499999999999,"[[39, 1], [4, 36]]",0.975,0.9,0.0,1.0,,,
fabiana_pca4,fabiana,pca,4,0,0,ideal_aer,0.9375,0.9375,0.95,"[[39, 1], [4, 36]]",0.975,0.9,0.02865649940838477,0.999346481592554,,,
fabiana_pca4,fabiana,pca,4,0,0,noisy_aer,0.9375,0.9375,0.9575000000000001,"[[39, 1], [4, 36]]",0.975,0.9,0.0710732982384122,0.9991308390026078,,,
fabiana_pca4,fabiana,pca,4,1,0,exact,0.9375,0.9375,0.95875,"[[38, 2], [3, 37]]",0.95,0.925,0.0,1.0,,,
fabiana_pca4,fabiana,pca,4,1,0,ideal_aer,0.9375,0.9375,0.955,"[[38, 2], [3, 37]]",0.95,0.925,0.032277176044853396,0.9989988049299513,,,
fabiana_pca4,fabiana,pca,4,1,0,noisy_aer,0.9375,0.9375,0.95625,"[[38, 2], [3, 37]]",0.95,0.925,0.07182613892562772,0.9986971119038508,,,
fabiana_pca4,fabiana,pca,4,2,0,exact,0.9375,0.9375,0.965625,"[[40, 0], [5, 35]]",1.0,0.875,0.0,1.0,,,
fabiana_pca4,fabiana,pca,4,2,0,ideal_aer,0.925,0.925,0.9668749999999999,"[[40, 0], [6, 34]]",1.0,0.85,0.029955485659473993,0.9992390844525062,,,
fabiana_pca4,fabiana,pca,4,2,0,noisy_aer,0.9375,0.9375,0.959375,"[[40, 0], [5, 35]]",1.0,0.875,0.06935298822175005,0.9989526540946548,,,
cic_pca4,cic,pca,4,0,0,exact,0.675,0.675,0.778125,"[[30, 10], [16, 24]]",0.75,0.6,0.0,1.0,,,
cic_pca4,cic,pca,4,0,0,ideal_aer,0.675,0.675,0.759375,"[[30, 10], [16, 24]]",0.75,0.6,0.034233824330407586,0.9991265770528834,,,
cic_pca4,cic,pca,4,0,0,noisy_aer,0.675,0.675,0.75,"[[30, 10], [16, 24]]",0.75,0.6,0.07058643375723934,0.9988603223390535,,,
cic_pca4,cic,pca,4,1,0,exact,0.675,0.675,0.7693749999999999,"[[31, 9], [17, 23]]",0.775,0.575,0.0,1.0,,,
cic_pca4,cic,pca,4,1,0,ideal_aer,0.7,0.7,0.775625,"[[31, 9], [15, 25]]",0.775,0.625,0.036569367239073954,0.9988513912563599,,,
cic_pca4,cic,pca,4,1,0,noisy_aer,0.6875,0.6875,0.7300000000000001,"[[31, 9], [16, 24]]",0.775,0.6,0.06988056217884314,0.9985491770503385,,,
cic_pca4,cic,pca,4,2,0,exact,0.725,0.725,0.7925000000000001,"[[30, 10], [12, 28]]",0.75,0.7,0.0,1.0,,,
cic_pca4,cic,pca,4,2,0,ideal_aer,0.7375,0.7375,0.79875,"[[31, 9], [12, 28]]",0.775,0.7,0.03582529493703414,0.9991108694542595,,,
cic_pca4,cic,pca,4,2,0,noisy_aer,0.725,0.725,0.7843749999999999,"[[30, 10], [12, 28]]",0.75,0.7,0.07198548870009472,0.998916213000399,,,
ember2018_pca4,ember2018,pca,4,0,0,exact,0.6,0.6,0.7525000000000001,"[[13, 27], [5, 35]]",0.325,0.875,0.0,1.0,,,
ember2018_pca4,ember2018,pca,4,0,0,ideal_aer,0.6125,0.6125,0.72375,"[[14, 26], [5, 35]]",0.35,0.875,0.029784317715715814,0.9991608753812979,,,
ember2018_pca4,ember2018,pca,4,0,0,noisy_aer,0.6,0.6,0.71875,"[[13, 27], [5, 35]]",0.325,0.875,0.06942585325690669,0.9989700516416625,,,
ember2018_pca4,ember2018,pca,4,1,0,exact,0.625,0.625,0.713125,"[[16, 24], [6, 34]]",0.4,0.85,0.0,1.0,,,
ember2018_pca4,ember2018,pca,4,1,0,ideal_aer,0.6,0.6,0.6975,"[[14, 26], [6, 34]]",0.35,0.85,0.027781343926675497,0.9990130212458445,,,
ember2018_pca4,ember2018,pca,4,1,0,noisy_aer,0.625,0.625,0.7150000000000001,"[[15, 25], [5, 35]]",0.375,0.875,0.0696226711142036,0.9987133300640625,,,
ember2018_pca4,ember2018,pca,4,2,0,exact,0.625,0.625,0.7581249999999999,"[[23, 17], [13, 27]]",0.575,0.675,0.0,1.0,,,
ember2018_pca4,ember2018,pca,4,2,0,ideal_aer,0.6625,0.6625,0.766875,"[[24, 16], [11, 29]]",0.6,0.725,0.030693539612056682,0.9989925314248617,,,
ember2018_pca4,ember2018,pca,4,2,0,noisy_aer,0.65,0.65,0.756875,"[[22, 18], [10, 30]]",0.55,0.75,0.0684083912151393,0.9987050524645414,,,
clamp_native10,clamp,native,10,0,0,hardware,0.825,0.825,0.9275,"[[36, 4], [10, 30]]",0.9,0.75,0.50141696097606,0.9576420469004355,0.025,da7du86sidac73af8l4g,1354
clamp_pca4,clamp,pca,4,0,0,hardware,0.7375,0.7375,0.8131250000000001,"[[33, 7], [14, 26]]",0.825,0.65,0.109423514862966,0.9954023046736161,0.125,da7du8m0ukec73836ch0,1337
fabiana_native8,fabiana,native,8,0,0,hardware,0.925,0.925,0.9881249999999999,"[[39, 1], [5, 35]]",0.975,0.875,0.7470112632988625,0.7792659146693744,0.0625,da7du96sidac73af8l6g,1348
cic_pca4,cic,pca,4,1,0,hardware,0.6625,0.6625000000000001,0.789375,"[[31, 9], [18, 22]]",0.775,0.55,0.11968388297282076,0.9969507166969864,0.0125,da7du9m0ukec73836cig,1337
ember2018_pca4,ember2018,pca,4,0,0,hardware,0.5875,0.5875,0.72625,"[[12, 28], [5, 35]]",0.3,0.875,0.09598809442745831,0.9981803075717681,0.0125,da7dua3sq5js73bjrdrg,1337
fabiana_native8,fabiana,native,8,1,0,hardware,0.975,0.975,0.960625,"[[38, 2], [0, 40]]",0.95,1.0,0.2780771375819774,0.9956178318670799,0.0,da7duak6l22c73dnflsg,1348
fabiana_native8,fabiana,native,8,2,0,hardware,0.975,0.975,0.99125,"[[39, 1], [1, 39]]",0.975,0.975,0.2992085484645427,0.9957289004749266,0.0125,da7duarsq5js73bjrdtg,1348
fabiana_pca4,fabiana,pca,4,0,0,hardware,0.9375,0.9375,0.9568749999999999,"[[39, 1], [4, 36]]",0.975,0.9,0.11990815873060241,0.9972899762901527,0.0,da7dubesidac73af8lcg,1337
clamp_pca4,clamp,pca,4,1,0,hardware,0.8,0.8,0.8049999999999999,"[[34, 6], [10, 30]]",0.85,0.75,0.10662468235905999,0.996211773184971,0.1,da7dubm0ukec73836cmg,1337
fabiana_pca4,fabiana,pca,4,1,0,hardware,0.925,0.925,0.959375,"[[37, 3], [3, 37]]",0.925,0.925,0.1023318669587372,0.9978479667183846,0.0125,da7duc3sq5js73bjrdv0,1337
clamp_native10,clamp,native,10,1,0,hardware,0.8625,0.8625,0.934375,"[[35, 5], [6, 34]]",0.875,0.85,0.386027774453385,0.9869690209841487,0.025,da7duck6l22c73dnflv0,1354
cic_pca4,cic,pca,4,0,0,hardware,0.7,0.7,0.7368750000000001,"[[31, 9], [15, 25]]",0.775,0.625,0.09953199799018564,0.9977513494401378,0.025,da7dud46l22c73dnfm00,1337
clamp_pca4,clamp,pca,4,2,0,hardware,0.7,0.7,0.8318749999999999,"[[30, 10], [14, 26]]",0.75,0.65,0.11941191044131182,0.995761129520647,0.0125,da7mj7rsq5js73bk50i0,1337
ember2018_pca4,ember2018,pca,4,2,0,hardware,0.6125,0.6125,0.73625,"[[21, 19], [12, 28]]",0.525,0.7,0.12613000673427424,0.993674152486478,0.0375,da7mj8c6l22c73dnpdq0,1337
fabiana_pca4,fabiana,pca,4,2,0,hardware,0.925,0.925,0.9675,"[[39, 1], [5, 35]]",0.975,0.875,0.11988263407384137,0.9961812718189476,0.0125,da7mj8rsq5js73bk50jg,1337
ember2018_pca4,ember2018,pca,4,1,0,hardware,0.6375,0.6375,0.705,"[[18, 22], [7, 33]]",0.45,0.825,0.11209425671524817,0.9978705008075285,0.0375,da7mj9bsq5js73bk50kg,1337
cic_pca4,cic,pca,4,2,0,hardware,0.75,0.75,0.805,"[[31, 9], [11, 29]]",0.775,0.725,0.11514639838236429,0.9971569664217041,0.025,da7mj9u0ukec7383g060,1337
clamp_native10,clamp,native,10,2,0,hardware,0.85,0.8500000000000001,0.88375,"[[36, 4], [8, 32]]",0.9,0.8,0.548946382303411,0.9668664747758454,0.0875,da7mja6sidac73afi320,1354
clamp_native10,clamp,native,10,0,1,hardware,0.8375,0.8375,0.9212499999999999,"[[36, 4], [9, 31]]",0.9,0.775,0.5664310517119955,0.9445848516150955,0.0125,da7mjajsq5js73bk50mg,1354
clamp_pca4,clamp,pca,4,0,1,hardware,0.725,0.7250000000000001,0.7975000000000001,"[[32, 8], [14, 26]]",0.8,0.65,0.1399622990834095,0.9908990796749265,0.1125,da7mjb60ukec7383g08g,1337
fabiana_native8,fabiana,native,8,0,1,hardware,0.9875,0.9875,0.995,"[[39, 1], [0, 40]]",0.975,1.0,0.36816849329945145,0.9946292415031629,0.0,da7mjbmsidac73afi33g,1348
