input_range,reps,entanglement,C,fold_accuracy,fold_balanced_accuracy,fold_roc_auc,mean_accuracy,std_accuracy,mean_balanced_accuracy,std_balanced_accuracy,mean_roc_auc,std_roc_auc,centered_kernel_target_alignment,within_class_similarity_mean,between_class_similarity_mean,within_minus_between_similarity,off_diagonal_mean,off_diagonal_std,effective_rank,minimum_eigenvalue
minus_one_to_one,1,linear,0.1,"[0.5714285714285714, 0.75, 0.6785714285714286, 0.75, 0.7857142857142857]","[0.5714285714285714, 0.75, 0.6785714285714286, 0.75, 0.7857142857142858]","[0.6428571428571429, 0.8418367346938775, 0.7755102040816326, 0.8928571428571429, 0.9285714285714286]",0.7071428571428571,0.0762648446573665,0.7071428571428571,0.07626484465736653,0.8163265306122449,0.10086052076042096,0.1933115804544495,0.2546861220797261,0.17300893033045117,0.0816771917492749,0.21355372335706965,0.26412209877945647,8.21797404151296,2.8099788953399672e-14
minus_one_to_one,1,linear,1.0,"[0.7142857142857143, 0.7857142857142857, 0.75, 0.8214285714285714, 0.8214285714285714]","[0.7142857142857143, 0.7857142857142857, 0.75, 0.8214285714285714, 0.8214285714285714]","[0.7244897959183673, 0.8469387755102041, 0.8010204081632654, 0.9540816326530612, 0.9183673469387754]",0.7785714285714285,0.04164965639175213,0.7785714285714285,0.04164965639175213,0.8489795918367348,0.0820524918080597,0.1933115804544495,0.2546861220797261,0.17300893033045117,0.0816771917492749,0.21355372335706965,0.26412209877945647,8.21797404151296,2.8099788953399672e-14
minus_one_to_one,1,linear,10.0,"[0.7857142857142857, 0.75, 0.7142857142857143, 0.9285714285714286, 0.8214285714285714]","[0.7857142857142857, 0.75, 0.7142857142857143, 0.9285714285714286, 0.8214285714285714]","[0.7040816326530612, 0.836734693877551, 0.7551020408163265, 0.9234693877551021, 0.9234693877551019]",0.8,0.07354021529276429,0.8,0.07354021529276429,0.8285714285714286,0.08828742202580925,0.1933115804544495,0.2546861220797261,0.17300893033045117,0.0816771917492749,0.21355372335706965,0.26412209877945647,8.21797404151296,2.8099788953399672e-14
minus_one_to_one,1,linear,100.0,"[0.7857142857142857, 0.75, 0.6428571428571429, 0.8214285714285714, 0.7857142857142857]","[0.7857142857142857, 0.75, 0.6428571428571429, 0.8214285714285714, 0.7857142857142857]","[0.739795918367347, 0.8214285714285714, 0.7193877551020408, 0.9438775510204082, 0.8571428571428571]",0.7571428571428571,0.06144518047887587,0.7571428571428571,0.06144518047887587,0.8163265306122449,0.08150500223557491,0.1933115804544495,0.2546861220797261,0.17300893033045117,0.0816771917492749,0.21355372335706965,0.26412209877945647,8.21797404151296,2.8099788953399672e-14
minus_one_to_one,1,full,0.1,"[0.4642857142857143, 0.75, 0.7142857142857143, 0.8571428571428571, 0.6785714285714286]","[0.4642857142857143, 0.75, 0.7142857142857142, 0.8571428571428572, 0.6785714285714286]","[0.596938775510204, 0.8010204081632654, 0.7551020408163266, 0.9693877551020409, 0.8061224489795918]",0.6928571428571428,0.12896764346619846,0.6928571428571428,0.1289676434661985,0.7857142857142858,0.11913019487915326,0.10942496462208239,0.207355868927538,0.1788299936140725,0.028525875313465482,0.19299032020852658,0.19242537765991166,12.363212355501835,1.4433777909310105e-12
minus_one_to_one,1,full,1.0,"[0.6071428571428571, 0.7857142857142857, 0.6785714285714286, 0.8928571428571429, 0.8214285714285714]","[0.6071428571428572, 0.7857142857142857, 0.6785714285714286, 0.8928571428571428, 0.8214285714285714]","[0.6581632653061226, 0.8061224489795918, 0.7244897959183673, 0.9795918367346939, 0.8571428571428571]",0.7571428571428571,0.10202040612204073,0.7571428571428571,0.10202040612204066,0.8051020408163264,0.11067548459556119,0.10942496462208239,0.207355868927538,0.1788299936140725,0.028525875313465482,0.19299032020852658,0.19242537765991166,12.363212355501835,1.4433777909310105e-12
minus_one_to_one,1,full,10.0,"[0.6785714285714286, 0.6785714285714286, 0.6785714285714286, 0.7857142857142857, 0.7857142857142857]","[0.6785714285714286, 0.6785714285714286, 0.6785714285714286, 0.7857142857142857, 0.7857142857142857]","[0.6326530612244898, 0.8265306122448979, 0.7857142857142857, 0.8979591836734693, 0.8877551020408163]",0.7214285714285713,0.05248906591678237,0.7214285714285713,0.05248906591678237,0.8061224489795917,0.09594007570239309,0.10942496462208239,0.207355868927538,0.1788299936140725,0.028525875313465482,0.19299032020852658,0.19242537765991166,12.363212355501835,1.4433777909310105e-12
minus_one_to_one,1,full,100.0,"[0.5357142857142857, 0.6428571428571429, 0.6071428571428571, 0.6785714285714286, 0.75]","[0.5357142857142857, 0.6428571428571428, 0.6071428571428571, 0.6785714285714286, 0.75]","[0.5816326530612245, 0.7295918367346939, 0.5816326530612245, 0.7857142857142857, 0.8316326530612245]",0.6428571428571429,0.07142857142857144,0.6428571428571429,0.07142857142857144,0.7020408163265306,0.10348971341639264,0.10942496462208239,0.207355868927538,0.1788299936140725,0.028525875313465482,0.19299032020852658,0.19242537765991166,12.363212355501835,1.4433777909310105e-12
minus_one_to_one,2,linear,0.1,"[0.5357142857142857, 0.7142857142857143, 0.7142857142857143, 0.8571428571428571, 0.8214285714285714]","[0.5357142857142857, 0.7142857142857142, 0.7142857142857143, 0.8571428571428572, 0.8214285714285714]","[0.6479591836734695, 0.8163265306122449, 0.8316326530612246, 0.8877551020408163, 0.8826530612244898]",0.7285714285714286,0.11203133672398657,0.7285714285714286,0.1120313367239866,0.813265306122449,0.0872195332504412,0.1594888365855387,0.1861170673257643,0.1297671507107499,0.0563499166150144,0.15773941147647647,0.22254446176675863,12.342763599290915,3.3576843856801433e-12
minus_one_to_one,2,linear,1.0,"[0.6785714285714286, 0.7857142857142857, 0.8214285714285714, 0.8571428571428571, 0.8214285714285714]","[0.6785714285714286, 0.7857142857142857, 0.8214285714285714, 0.8571428571428571, 0.8214285714285714]","[0.7091836734693877, 0.8316326530612245, 0.8418367346938775, 0.9591836734693877, 0.8928571428571429]",0.7928571428571429,0.06144518047887588,0.7928571428571429,0.06144518047887588,0.846938775510204,0.08239440505382184,0.1594888365855387,0.1861170673257643,0.1297671507107499,0.0563499166150144,0.15773941147647647,0.22254446176675863,12.342763599290915,3.3576843856801433e-12
minus_one_to_one,2,linear,10.0,"[0.6785714285714286, 0.7142857142857143, 0.75, 0.8928571428571429, 0.7857142857142857]","[0.6785714285714286, 0.7142857142857143, 0.75, 0.8928571428571428, 0.7857142857142857]","[0.6632653061224489, 0.8163265306122449, 0.7755102040816326, 0.8826530612244898, 0.8520408163265306]",0.7642857142857142,0.07354021529276429,0.7642857142857142,0.07354021529276426,0.7979591836734693,0.07626484465736653,0.1594888365855387,0.1861170673257643,0.1297671507107499,0.0563499166150144,0.15773941147647647,0.22254446176675863,12.342763599290915,3.3576843856801433e-12
minus_one_to_one,2,linear,100.0,"[0.5714285714285714, 0.7142857142857143, 0.7142857142857143, 0.6785714285714286, 0.7142857142857143]","[0.5714285714285714, 0.7142857142857143, 0.7142857142857143, 0.6785714285714286, 0.7142857142857143]","[0.6377551020408163, 0.7908163265306123, 0.6887755102040818, 0.7806122448979592, 0.7346938775510203]",0.6785714285714286,0.05532833351724882,0.6785714285714286,0.05532833351724882,0.726530612244898,0.057324783286482196,0.1594888365855387,0.1861170673257643,0.1297671507107499,0.0563499166150144,0.15773941147647647,0.22254446176675863,12.342763599290915,3.3576843856801433e-12
minus_one_to_one,2,full,0.1,"[0.4642857142857143, 0.75, 0.6428571428571429, 0.8214285714285714, 0.6428571428571429]","[0.4642857142857143, 0.75, 0.6428571428571428, 0.8214285714285714, 0.6428571428571429]","[0.6734693877551021, 0.7755102040816326, 0.8061224489795918, 0.9387755102040817, 0.7295918367346939]",0.6642857142857144,0.12079667518062687,0.6642857142857144,0.12079667518062687,0.7846938775510205,0.08909746919568601,0.11772862904955148,0.14674222301083567,0.1186142827835188,0.028127940227316864,0.13257707325607176,0.16820688861677943,18.980572320190305,8.095360722601694e-11
minus_one_to_one,2,full,1.0,"[0.5357142857142857, 0.7142857142857143, 0.6785714285714286, 0.8928571428571429, 0.6785714285714286]","[0.5357142857142857, 0.7142857142857143, 0.6785714285714286, 0.8928571428571428, 0.6785714285714286]","[0.6785714285714285, 0.8724489795918366, 0.729591836734694, 0.9285714285714285, 0.7857142857142857]",0.7,0.11428571428571431,0.7,0.11428571428571427,0.7989795918367346,0.09130229982966338,0.11772862904955148,0.14674222301083567,0.1186142827835188,0.028127940227316864,0.13257707325607176,0.16820688861677943,18.980572320190305,8.095360722601694e-11
minus_one_to_one,2,full,10.0,"[0.6071428571428571, 0.6785714285714286, 0.6428571428571429, 0.75, 0.7142857142857143]","[0.6071428571428572, 0.6785714285714286, 0.6428571428571428, 0.75, 0.7142857142857143]","[0.5816326530612246, 0.7551020408163265, 0.6632653061224489, 0.7908163265306123, 0.75]",0.6785714285714286,0.05050762722761054,0.6785714285714286,0.050507627227610534,0.7081632653061225,0.07590904046284606,0.11772862904955148,0.14674222301083567,0.1186142827835188,0.028127940227316864,0.13257707325607176,0.16820688861677943,18.980572320190305,8.095360722601694e-11
minus_one_to_one,2,full,100.0,"[0.5, 0.6071428571428571, 0.6071428571428571, 0.6785714285714286, 0.5]","[0.5, 0.6071428571428571, 0.6071428571428571, 0.6785714285714286, 0.5]","[0.44387755102040816, 0.6326530612244898, 0.6173469387755102, 0.7091836734693877, 0.5]",0.5785714285714286,0.06925256939166184,0.5785714285714286,0.06925256939166184,0.5806122448979592,0.0956901322816341,0.11772862904955148,0.14674222301083567,0.1186142827835188,0.028127940227316864,0.13257707325607176,0.16820688861677943,18.980572320190305,8.095360722601694e-11
zero_to_one,1,linear,0.1,"[0.5714285714285714, 0.7142857142857143, 0.6428571428571429, 0.7857142857142857, 0.8214285714285714]","[0.5714285714285714, 0.7142857142857143, 0.6428571428571428, 0.7857142857142857, 0.8214285714285714]","[0.6275510204081632, 0.7653061224489796, 0.6989795918367347, 0.9387755102040816, 0.8826530612244898]",0.7071428571428571,0.09147320339189782,0.7071428571428571,0.09147320339189784,0.7826530612244899,0.11465864808643049,0.16284583564555333,0.4446128857295728,0.35099619668595017,0.09361668904362264,0.39746779052774844,0.36573524223267295,3.369250769364027,1.1637234254145416e-15
zero_to_one,1,linear,1.0,"[0.6071428571428571, 0.75, 0.75, 0.8571428571428571, 0.8571428571428571]","[0.6071428571428572, 0.75, 0.75, 0.8571428571428572, 0.8571428571428572]","[0.6785714285714286, 0.7755102040816327, 0.75, 0.9591836734693877, 0.8928571428571429]",0.7642857142857143,0.09202927661946518,0.7642857142857143,0.09202927661946518,0.8112244897959184,0.10116975149343212,0.16284583564555333,0.4446128857295728,0.35099619668595017,0.09361668904362264,0.39746779052774844,0.36573524223267295,3.369250769364027,1.1637234254145416e-15
zero_to_one,1,linear,10.0,"[0.75, 0.7857142857142857, 0.7142857142857143, 0.9285714285714286, 0.8571428571428571]","[0.75, 0.7857142857142857, 0.7142857142857143, 0.9285714285714286, 0.8571428571428572]","[0.7346938775510204, 0.8163265306122449, 0.7857142857142857, 0.9336734693877552, 0.943877551020408]",0.8071428571428572,0.0769309258162072,0.8071428571428573,0.07693092581620722,0.8428571428571427,0.08260895774697588,0.16284583564555333,0.4446128857295728,0.35099619668595017,0.09361668904362264,0.39746779052774844,0.36573524223267295,3.369250769364027,1.1637234254145416e-15
zero_to_one,1,linear,100.0,"[0.7142857142857143, 0.6785714285714286, 0.7142857142857143, 0.8928571428571429, 0.8928571428571429]","[0.7142857142857143, 0.6785714285714286, 0.7142857142857143, 0.8928571428571428, 0.8928571428571428]","[0.7653061224489796, 0.8316326530612245, 0.7142857142857142, 0.8877551020408163, 0.9642857142857143]",0.7785714285714286,0.09422075684480657,0.7785714285714286,0.09422075684480652,0.8326530612244898,0.0882166316185755,0.16284583564555333,0.4446128857295728,0.35099619668595017,0.09361668904362264,0.39746779052774844,0.36573524223267295,3.369250769364027,1.1637234254145416e-15
zero_to_one,1,full,0.1,"[0.5714285714285714, 0.7142857142857143, 0.6785714285714286, 0.8928571428571429, 0.6785714285714286]","[0.5714285714285714, 0.7142857142857143, 0.6785714285714286, 0.8928571428571428, 0.6785714285714286]","[0.6224489795918368, 0.7908163265306123, 0.7448979591836735, 0.9540816326530612, 0.8163265306122449]",0.7071428571428571,0.1044909917023414,0.7071428571428571,0.10449099170234136,0.7857142857142858,0.10736129336785825,0.16984377925897864,0.40718261761194063,0.3359825090874909,0.07120010852444975,0.3713264478514263,0.27785835082824467,4.531138125341164,1.7719533889696569e-15
zero_to_one,1,full,1.0,"[0.6428571428571429, 0.8214285714285714, 0.6785714285714286, 0.9285714285714286, 0.8214285714285714]","[0.6428571428571429, 0.8214285714285714, 0.6785714285714286, 0.9285714285714286, 0.8214285714285714]","[0.6938775510204082, 0.8112244897959183, 0.75, 0.9744897959183674, 0.8520408163265305]",0.7785714285714287,0.10449099170234136,0.7785714285714287,0.10449099170234136,0.8163265306122447,0.0956139328581427,0.16984377925897864,0.40718261761194063,0.3359825090874909,0.07120010852444975,0.3713264478514263,0.27785835082824467,4.531138125341164,1.7719533889696569e-15
zero_to_one,1,full,10.0,"[0.75, 0.8214285714285714, 0.7142857142857143, 1.0, 0.8571428571428571]","[0.75, 0.8214285714285714, 0.7142857142857143, 1.0, 0.8571428571428572]","[0.7295918367346937, 0.8367346938775511, 0.7193877551020409, 1.0, 0.9387755102040817]",0.8285714285714285,0.09948848769417228,0.8285714285714285,0.09948848769417229,0.8448979591836734,0.11134144758738236,0.16984377925897864,0.40718261761194063,0.3359825090874909,0.07120010852444975,0.3713264478514263,0.27785835082824467,4.531138125341164,1.7719533889696569e-15
zero_to_one,1,full,100.0,"[0.6071428571428571, 0.7142857142857143, 0.6785714285714286, 0.8571428571428571, 0.8571428571428571]","[0.6071428571428572, 0.7142857142857143, 0.6785714285714286, 0.8571428571428571, 0.8571428571428572]","[0.6581632653061225, 0.8367346938775511, 0.6836734693877551, 0.9693877551020408, 0.9387755102040817]",0.7428571428571429,0.09948848769417226,0.7428571428571429,0.09948848769417226,0.8173469387755101,0.12762854786738426,0.16984377925897864,0.40718261761194063,0.3359825090874909,0.07120010852444975,0.3713264478514263,0.27785835082824467,4.531138125341164,1.7719533889696569e-15
zero_to_one,2,linear,0.1,"[0.6071428571428571, 0.75, 0.7142857142857143, 0.8571428571428571, 0.7857142857142857]","[0.6071428571428572, 0.75, 0.7142857142857142, 0.8571428571428572, 0.7857142857142857]","[0.6224489795918368, 0.7857142857142857, 0.7755102040816326, 0.9489795918367346, 0.8877551020408163]",0.7428571428571429,0.08268454930564446,0.7428571428571428,0.08268454930564446,0.8040816326530612,0.11148163496936866,0.19909136199979133,0.3749639577355591,0.2635800568838041,0.11138390085175498,0.3188713457958264,0.3390228536330724,4.500226562308755,3.65362338005795e-15
zero_to_one,2,linear,1.0,"[0.6071428571428571, 0.7857142857142857, 0.7142857142857143, 0.8571428571428571, 0.8928571428571429]","[0.6071428571428572, 0.7857142857142857, 0.7142857142857143, 0.8571428571428572, 0.8928571428571428]","[0.7193877551020407, 0.7857142857142857, 0.8112244897959184, 0.9438775510204082, 0.9387755102040816]",0.7714285714285715,0.10251928638862376,0.7714285714285715,0.10251928638862372,0.8397959183673469,0.0881694064376651,0.19909136199979133,0.3749639577355591,0.2635800568838041,0.11138390085175498,0.3188713457958264,0.3390228536330724,4.500226562308755,3.65362338005795e-15
zero_to_one,2,linear,10.0,"[0.7142857142857143, 0.7857142857142857, 0.7857142857142857, 0.9285714285714286, 0.8214285714285714]","[0.7142857142857143, 0.7857142857142857, 0.7857142857142857, 0.9285714285714286, 0.8214285714285714]","[0.6938775510204082, 0.8061224489795918, 0.8316326530612245, 0.9336734693877552, 0.9132653061224489]",0.8071428571428572,0.06998542122237653,0.8071428571428572,0.06998542122237653,0.8357142857142857,0.08558055651535412,0.19909136199979133,0.3749639577355591,0.2635800568838041,0.11138390085175498,0.3188713457958264,0.3390228536330724,4.500226562308755,3.65362338005795e-15
zero_to_one,2,linear,100.0,"[0.75, 0.75, 0.75, 0.7857142857142857, 0.8214285714285714]","[0.75, 0.75, 0.75, 0.7857142857142857, 0.8214285714285714]","[0.7193877551020408, 0.8520408163265306, 0.7857142857142858, 0.8775510204081632, 0.8571428571428572]",0.7714285714285714,0.028571428571428557,0.7714285714285714,0.028571428571428557,0.8183673469387756,0.05831523290705938,0.19909136199979133,0.3749639577355591,0.2635800568838041,0.11138390085175498,0.3188713457958264,0.3390228536330724,4.500226562308755,3.65362338005795e-15
zero_to_one,2,full,0.1,"[0.5, 0.75, 0.6785714285714286, 0.8928571428571429, 0.7142857142857143]","[0.5, 0.75, 0.6785714285714286, 0.8928571428571428, 0.7142857142857143]","[0.6530612244897959, 0.7908163265306123, 0.7704081632653061, 0.9744897959183674, 0.7806122448979592]",0.7071428571428572,0.12657175104763824,0.7071428571428571,0.1265717510476382,0.7938775510204082,0.10313696953872066,0.1889474663305153,0.30004019264724563,0.21313422405382626,0.08690596859341937,0.2562745969527179,0.2792049675761695,6.677841069611719,1.0976581473989e-13
zero_to_one,2,full,1.0,"[0.6785714285714286, 0.75, 0.6785714285714286, 0.9285714285714286, 0.75]","[0.6785714285714286, 0.75, 0.6785714285714286, 0.9285714285714286, 0.75]","[0.6836734693877552, 0.7908163265306122, 0.7397959183673469, 0.9897959183673469, 0.8163265306122448]",0.7571428571428571,0.09147320339189784,0.7571428571428571,0.09147320339189784,0.8040816326530612,0.10338905225706398,0.1889474663305153,0.30004019264724563,0.21313422405382626,0.08690596859341937,0.2562745969527179,0.2792049675761695,6.677841069611719,1.0976581473989e-13
zero_to_one,2,full,10.0,"[0.7142857142857143, 0.8214285714285714, 0.6428571428571429, 0.9285714285714286, 0.75]","[0.7142857142857143, 0.8214285714285714, 0.6428571428571428, 0.9285714285714286, 0.75]","[0.7091836734693878, 0.8673469387755102, 0.673469387755102, 0.9642857142857143, 0.8877551020408163]",0.7714285714285714,0.09741558354989897,0.7714285714285714,0.09741558354989899,0.8204081632653061,0.11081651445092496,0.1889474663305153,0.30004019264724563,0.21313422405382626,0.08690596859341937,0.2562745969527179,0.2792049675761695,6.677841069611719,1.0976581473989e-13
zero_to_one,2,full,100.0,"[0.6428571428571429, 0.75, 0.6428571428571429, 0.8571428571428571, 0.7857142857142857]","[0.6428571428571428, 0.75, 0.6428571428571429, 0.8571428571428572, 0.7857142857142857]","[0.596938775510204, 0.8622448979591836, 0.6530612244897959, 0.903061224489796, 0.9285714285714286]",0.7357142857142857,0.08329931278350426,0.7357142857142857,0.0832993127835043,0.7887755102040817,0.13654418650680325,0.1889474663305153,0.30004019264724563,0.21313422405382626,0.08690596859341937,0.2562745969527179,0.2792049675761695,6.677841069611719,1.0976581473989e-13
